fio;date;num
Новиков Виктор Борисович;08.06.1990;0
Морозовa Екатерина Вадимовна;09.04.2020;1
Семенов Дмитрий Вадимович;24.04.2006;2
Алексеев Артем Андреевич;16.02.2017;3
Федоров Владимир Алексеевич;22.03.2008;4
Васильев Василий Борисович;07.02.1990;5
Петровa Светлана Алексеевна;19.08.2012;6
Федоровa Ирина Борисовна;01.05.1994;7
Морозовa Наталья Борисовна;22.05.1998;8
Егоровa Ольга Вадимовна;12.10.2014;9
Федоровa Анна Вадимовна;19.12.2002;10
Семенов Алексей Андреевич;02.09.2011;11
Семеновa Наталья Александровна;09.06.2007;12
Волковa Екатерина Борисовна;17.06.1997;13
Лебедев Виктор Владимирович;23.03.2000;14
Морозов Андрей Владимирович;21.12.1993;15
Федоров Виктор Александрович;30.07.2017;16
Федоров Алексей Алексеевич;25.09.1991;17
Семенов Виктор Борисович;07.06.1998;18
Васильев Александр Викторович;21.11.2017;19
Петров Алексей Васильевич;14.04.2018;20
Сидоровa Татьяна Васильевна;26.03.2004;21
Петров Василий Александрович;25.04.1991;22
Волков Александр Васильевич;13.09.2002;23
Васильевa Наталья Вадимовна;04.05.1990;24
Морозов Александр Андреевич;09.05.2026;25
Кузнецов Владимир Борисович;16.06.1996;26
Федоровa Ольга Борисовна;22.02.2020;27
Поповa Анна Алексеевна;13.11.2017;28
Алексеевa Мария Васильевна;13.09.1994;29
Егоров Владимир Владимирович;28.09.2021;30
Новиковa Светлана Алексеевна;23.06.1997;31
Сидоров Виктор Васильевич;06.12.2011;32
Морозов Андрей Александрович;26.06.2007;33
Федоровa Ольга Вадимовна;03.11.2014;34
Морозовa Елена Александровна;09.10.2019;35
Алексеевa Елена Васильевна;30.05.2019;36
Петровa Ольга Борисовна;13.12.2025;37
Васильев Алексей Алексеевич;06.12.1990;38
Алексеевa Екатерина Владимировна;07.10.2006;39
Морозов Виктор Викторович;31.08.2006;40
Сидоровa Елена Владимировна;30.06.2023;41
Иванов Алексей Андреевич;26.07.2006;42
Семенов Владимир Викторович;22.04.2017;43
Петров Алексей Васильевич;09.02.2010;44
Семенов Василий Андреевич;13.11.2009;45
Иванов Владимир Андреевич;11.09.1999;46
Новиков Алексей Алексеевич;21.08.2021;47
Кузнецов Борис Борисович;16.06.2000;48
Новиковa Анна Васильевна;23.12.2023;49
Смирнов Алексей Андреевич;05.05.1999;50
Петровa Светлана Викторовна;29.06.2014;51
Федоровa Светлана Андреевна;20.09.2001;52
Семеновa Светлана Андреевна;26.07.2020;53
Алексеев Алексей Борисович;14.03.2003;54
Поповa Анна Борисовна;31.08.2009;55
Сидоров Андрей Васильевич;15.03.2002;56
Федоров Дмитрий Александрович;29.06.2001;57
Новиковa Екатерина Вадимовна;19.10.1999;58
Морозов Василий Владимирович;13.09.2005;59
Семенов Александр Борисович;20.10.2021;60
Волков Андрей Вадимович;02.02.1996;61
Иванов Александр Александрович;17.05.2022;62
Смирновa Ирина Вадимовна;16.11.2013;63
Федоров Александр Александрович;01.12.2020;64
Васильевa Юлия Васильевна;20.07.2024;65
Смирновa Елена Алексеевна;15.05.2015;66
Морозов Александр Андреевич;13.01.2024;67
Попов Алексей Андреевич;25.09.2005;68
Морозовa Наталья Александровна;04.08.1992;69
Морозовa Светлана Викторовна;09.07.2000;70
Смирнов Владимир Владимирович;11.08.2024;71
Кузнецов Вадим Владимирович;02.03.2015;72
Новиковa Ирина Александровна;29.12.2025;73
Петровa Наталья Алексеевна;07.10.1998;74
Васильев Виктор Викторович;04.05.1997;75
Поповa Татьяна Владимировна;20.04.2022;76
Смирнов Андрей Владимирович;02.10.2017;77
Ивановa Наталья Александровна;25.05.2004;78
Морозов Андрей Александрович;16.10.2012;79
Морозовa Ирина Владимировна;22.01.2026;80
Петровa Ирина Борисовна;13.03.2007;81
Новиковa Ирина Васильевна;25.03.1993;82
Лебедев Виктор Вадимович;10.09.2024;83
Ивановa Елена Владимировна;05.05.1995;84
Смирнов Андрей Александрович;15.08.2024;85
Попов Андрей Викторович;30.09.1996;86
Ивановa Татьяна Александровна;14.07.2003;87
Васильевa Анна Алексеевна;18.01.2017;88
Егоровa Мария Алексеевна;21.02.1990;89
Волков Владимир Вадимович;08.10.1999;90
Семенов Борис Владимирович;17.05.2003;91
Федоровa Екатерина Алексеевна;10.10.2002;92
Петровa Юлия Васильевна;10.12.2021;93
Волковa Анна Андреевна;17.03.2026;94
Волковa Светлана Андреевна;03.09.2019;95
Лебедевa Ирина Вадимовна;23.06.1990;96
Поповa Юлия Викторовна;24.01.1998;97
Иванов Артем Викторович;04.01.2025;98
Поповa Татьяна Вадимовна;13.12.2011;99
Поповa Наталья Васильевна;28.09.2010;100
Кузнецовa Светлана Вадимовна;12.03.1999;101
Волков Артем Владимирович;04.12.2014;102
Федоровa Юлия Викторовна;09.04.1991;103
Кузнецов Виктор Васильевич;11.10.2007;104
Васильевa Юлия Александровна;06.04.1991;105
Сидоровa Ольга Владимировна;12.04.2002;106
Кузнецов Виктор Александрович;09.05.2005;107
Федоров Дмитрий Андреевич;02.03.2020;108
Петров Борис Андреевич;01.11.2004;109
Федоров Алексей Васильевич;31.10.2020;110
Ивановa Мария Васильевна;14.05.2004;111
Федоров Виктор Васильевич;01.11.1995;112
Волков Алексей Борисович;01.12.2007;113
Петров Виктор Андреевич;27.02.2021;114
Морозов Алексей Вадимович;18.01.2002;115
Новиков Виктор Борисович;08.12.2011;116
Васильев Вадим Вадимович;07.04.2007;117
Смирновa Наталья Алексеевна;20.11.2003;118
Попов Андрей Викторович;29.05.2008;119
Петровa Ирина Владимировна;15.12.2024;120
Лебедевa Елена Викторовна;04.08.2009;121
Иванов Вадим Васильевич;05.06.2009;122
Морозов Виктор Андреевич;14.11.2015;123
Новиковa Татьяна Александровна;05.07.2001;124
Поповa Мария Вадимовна;01.03.2009;125
Волковa Светлана Андреевна;23.09.1997;126
Смирнов Василий Александрович;27.03.2011;127
Семенов Борис Алексеевич;05.03.1998;128
Смирнов Алексей Вадимович;05.06.2020;129
Васильев Виктор Вадимович;13.01.1990;130
Кузнецовa Юлия Владимировна;08.05.2016;131
Новиков Артем Борисович;23.06.2000;132
Морозовa Мария Борисовна;19.04.2022;133
Волков Алексей Владимирович;07.10.1999;134
Ивановa Анна Александровна;02.12.2015;135
Поповa Анна Владимировна;07.12.2025;136
Кузнецов Александр Викторович;24.10.2012;137
Семенов Александр Андреевич;07.07.2021;138
Петровa Наталья Владимировна;21.11.1992;139
Сидоровa Елена Борисовна;18.10.2023;140
Морозовa Ирина Васильевна;28.09.2021;141
Васильевa Ольга Александровна;26.05.2022;142
Сидоров Борис Борисович;30.06.2008;143
Волков Виктор Владимирович;06.01.1995;144
Семенов Андрей Викторович;14.03.2000;145
Кузнецов Владимир Васильевич;31.05.2008;146
Алексеев Василий Александрович;24.07.2001;147
Васильев Владимир Алексеевич;08.03.2016;148
Смирновa Ирина Александровна;20.02.2018;149
Волковa Ольга Васильевна;01.06.2019;150
Семенов Виктор Андреевич;18.01.2002;151
Иванов Вадим Вадимович;28.06.2001;152
Кузнецов Дмитрий Александрович;03.05.1999;153
Егоровa Екатерина Борисовна;20.11.1997;154
Сидоровa Ольга Алексеевна;02.06.2022;155
Морозов Артем Вадимович;21.02.1994;156
Алексеевa Ольга Викторовна;08.08.2023;157
Кузнецовa Екатерина Вадимовна;01.07.2021;158
Морозов Владимир Вадимович;10.01.1998;159
Новиков Владимир Викторович;26.07.2011;160
Федоров Дмитрий Владимирович;27.08.2006;161
Морозов Дмитрий Викторович;16.09.2025;162
Новиков Борис Борисович;11.03.2014;163
Егоров Андрей Борисович;07.11.2010;164
Васильев Алексей Вадимович;18.04.2001;165
Лебедев Виктор Александрович;30.12.2016;166
Кузнецов Борис Андреевич;21.02.2019;167
Новиковa Ольга Алексеевна;08.03.2011;168
Волковa Светлана Васильевна;08.11.1998;169
Морозовa Татьяна Вадимовна;04.09.2009;170
Семенов Александр Борисович;16.01.2020;171
Смирнов Борис Викторович;28.09.1998;172
Лебедевa Елена Викторовна;01.11.2010;173
Морозов Андрей Васильевич;14.09.2003;174
Смирнов Вадим Андреевич;01.11.2020;175
Морозов Андрей Андреевич;24.02.2023;176
Егоров Вадим Александрович;13.04.2014;177
Васильев Борис Викторович;08.01.2012;178
Иванов Артем Борисович;04.10.1993;179
Волковa Екатерина Вадимовна;17.07.2024;180
Семеновa Светлана Борисовна;24.04.2021;181
Алексеевa Юлия Андреевна;14.07.2015;182
Егоров Александр Андреевич;17.01.1998;183
Лебедевa Анна Викторовна;02.08.2013;184
Сидоровa Светлана Алексеевна;19.10.2002;185
Егоров Владимир Викторович;27.05.2013;186
Федоров Виктор Васильевич;27.01.1994;187
Попов Вадим Алексеевич;23.09.2005;188
Егоров Алексей Владимирович;12.02.1994;189
Васильев Алексей Александрович;10.11.1999;190
Федоровa Елена Борисовна;17.09.2011;191
Ивановa Анна Алексеевна;13.10.2000;192
Егоров Алексей Александрович;14.08.2006;193
Васильевa Наталья Алексеевна;23.02.2019;194
Егоров Борис Алексеевич;19.04.2001;195
Сидоровa Ирина Борисовна;07.07.2020;196
Федоровa Татьяна Владимировна;17.10.2012;197
Лебедевa Наталья Васильевна;06.06.2023;198
Сидоровa Светлана Борисовна;22.12.2016;199
Лебедевa Анна Андреевна;09.10.2011;200
Сидоровa Ольга Борисовна;10.03.2022;201
Лебедевa Мария Владимировна;12.11.2000;202
Новиков Алексей Борисович;12.07.2018;203
Алексеевa Ольга Алексеевна;18.07.1992;204
Петровa Анна Васильевна;06.01.1992;205
Васильев Дмитрий Викторович;12.09.1990;206
Федоровa Наталья Андреевна;02.08.1994;207
Морозов Василий Владимирович;28.03.2026;208
Волков Владимир Алексеевич;24.03.1995;209
Смирновa Светлана Александровна;21.03.2017;210
Егоров Дмитрий Викторович;14.07.2013;211
Поповa Ирина Андреевна;02.03.2007;212
Кузнецов Вадим Вадимович;30.05.2024;213
Морозов Дмитрий Викторович;03.07.2006;214
Егоров Борис Андреевич;10.11.1999;215
Васильев Александр Борисович;01.05.2013;216
Кузнецовa Екатерина Викторовна;18.07.1994;217
Иванов Артем Алексеевич;29.03.2011;218
Семеновa Татьяна Алексеевна;03.06.2013;219
Новиков Борис Александрович;20.01.1996;220
Волковa Татьяна Вадимовна;29.12.1991;221
Сидоровa Светлана Борисовна;25.01.2007;222
Волковa Анна Борисовна;05.08.2005;223
Егоровa Екатерина Борисовна;20.11.2023;224
Поповa Елена Андреевна;04.08.1996;225
Ивановa Екатерина Александровна;27.08.2001;226
Поповa Анна Александровна;11.01.2002;227
Иванов Василий Викторович;07.01.2010;228
Морозовa Елена Владимировна;19.03.1991;229
Алексеев Алексей Васильевич;21.03.2016;230
Попов Борис Владимирович;09.10.1993;231
Новиковa Ольга Викторовна;16.12.2002;232
Смирновa Ирина Вадимовна;19.05.2003;233
Петровa Мария Александровна;28.04.1993;234
Лебедевa Ольга Викторовна;25.11.1990;235
Петровa Анна Александровна;25.04.2021;236
Новиков Владимир Владимирович;25.01.2013;237
Сидоров Владимир Владимирович;27.07.2013;238
Васильевa Татьяна Владимировна;12.08.2000;239
Смирнов Дмитрий Васильевич;14.09.2003;240
Ивановa Наталья Андреевна;03.12.2006;241
Волков Артем Александрович;09.12.2005;242
Петровa Наталья Андреевна;25.07.2011;243
Новиковa Светлана Вадимовна;07.06.2012;244
Ивановa Светлана Александровна;19.07.2003;245
Попов Василий Борисович;21.03.2021;246
Федоров Василий Александрович;04.04.2005;247
Федоровa Елена Александровна;25.01.1997;248
Петровa Ирина Алексеевна;22.11.2014;249
Семенов Дмитрий Борисович;11.08.2020;250
Алексеев Владимир Вадимович;09.04.2012;251
Морозов Владимир Александрович;07.05.1995;252
Алексеев Александр Андреевич;11.08.1991;253
Лебедев Андрей Александрович;02.05.2002;254
Сидоровa Екатерина Викторовна;27.01.2024;255
Семенов Александр Андреевич;26.05.2012;256
Лебедевa Анна Алексеевна;25.05.2026;257
Морозовa Наталья Андреевна;20.02.1999;258
Петровa Наталья Вадимовна;28.09.2023;259
Лебедевa Екатерина Александровна;09.11.1993;260
Волковa Светлана Вадимовна;14.09.2016;261
Смирновa Татьяна Борисовна;24.11.2022;262
Егоровa Светлана Васильевна;26.02.1996;263
Федоровa Анна Андреевна;31.07.2004;264
Федоровa Елена Борисовна;22.04.2019;265
Морозов Василий Борисович;24.07.2021;266
Алексеевa Екатерина Викторовна;03.01.2021;267
Смирнов Владимир Борисович;29.02.2004;268
Сидоров Артем Александрович;29.01.2008;269
Волковa Ирина Борисовна;29.07.2005;270
Лебедевa Ирина Андреевна;17.01.1999;271
Федоровa Светлана Алексеевна;01.08.2006;272
Кузнецов Борис Викторович;19.12.1996;273
Поповa Светлана Андреевна;27.08.2000;274
Федоровa Юлия Алексеевна;20.12.2007;275
Егоров Владимир Борисович;31.01.2010;276
Васильевa Татьяна Викторовна;04.03.2003;277
Семеновa Юлия Александровна;18.06.2007;278
Иванов Александр Александрович;18.06.1990;279
Егоровa Ирина Борисовна;04.06.2017;280
Ивановa Анна Борисовна;01.11.2008;281
Семеновa Татьяна Александровна;08.05.1990;282
Морозов Артем Викторович;30.09.2000;283
Семеновa Мария Алексеевна;21.10.2020;284
Егоров Вадим Викторович;18.09.2000;285
Волковa Юлия Александровна;16.02.1995;286
Алексеев Дмитрий Вадимович;10.04.1995;287
Волковa Анна Борисовна;09.11.1996;288
Петров Александр Вадимович;09.02.2021;289
Лебедевa Елена Вадимовна;01.03.2004;290
Смирнов Андрей Александрович;04.03.2000;291
Сидоровa Екатерина Борисовна;16.07.1998;292
Смирнов Алексей Васильевич;07.02.1993;293
Алексеевa Елена Вадимовна;20.02.1994;294
Петров Владимир Алексеевич;21.10.1996;295
Федоровa Ирина Вадимовна;24.02.1997;296
Петровa Мария Вадимовна;19.07.2011;297
Морозовa Анна Викторовна;29.07.2024;298
Васильев Владимир Вадимович;10.05.2021;299
Егоровa Наталья Викторовна;30.12.1996;300
Попов Василий Васильевич;01.02.2016;301
Кузнецов Александр Андреевич;12.01.2024;302
Морозовa Ирина Андреевна;28.08.1998;303
Волковa Ирина Александровна;30.06.2004;304
Смирновa Мария Викторовна;29.08.1998;305
Лебедев Вадим Викторович;03.10.1998;306
Алексеев Артем Вадимович;05.03.2013;307
Поповa Ольга Владимировна;21.04.2011;308
Алексеев Алексей Викторович;29.09.2020;309
Морозов Владимир Алексеевич;10.11.1995;310
Волковa Ирина Александровна;03.02.2020;311
Поповa Наталья Вадимовна;02.09.2013;312
Федоров Владимир Викторович;04.07.2004;313
Федоровa Светлана Вадимовна;13.10.2010;314
Новиков Алексей Владимирович;14.05.2007;315
Алексеев Андрей Алексеевич;02.07.2009;316
Смирновa Ольга Викторовна;28.12.2007;317
Морозовa Ольга Александровна;29.05.2014;318
Петров Василий Андреевич;02.11.2021;319
Петров Виктор Андреевич;05.09.2017;320
Васильев Борис Вадимович;07.11.2010;321
Новиков Вадим Андреевич;28.02.2017;322
Сидоров Александр Алексеевич;30.01.2011;323
Смирновa Ирина Васильевна;14.02.2017;324
Кузнецовa Наталья Александровна;09.05.1998;325
Лебедев Вадим Андреевич;28.12.2017;326
Смирновa Ольга Андреевна;20.01.1996;327
Кузнецов Владимир Александрович;22.04.2020;328
Семеновa Ирина Васильевна;06.05.2007;329
Поповa Светлана Викторовна;10.05.2007;330
Кузнецовa Екатерина Вадимовна;10.01.2014;331
Новиков Александр Васильевич;09.01.2019;332
Васильевa Ольга Вадимовна;02.01.2009;333
Кузнецовa Наталья Вадимовна;20.12.2007;334
Петровa Екатерина Викторовна;15.01.2019;335
Смирновa Мария Васильевна;06.07.2017;336
Кузнецовa Анна Александровна;03.02.1997;337
Егоровa Татьяна Вадимовна;01.01.1991;338
Алексеев Виктор Викторович;21.02.2002;339
Морозов Вадим Борисович;30.03.2001;340
Морозов Андрей Владимирович;03.01.2011;341
Федоровa Светлана Александровна;23.03.2009;342
Кузнецовa Ольга Васильевна;05.08.2002;343
Иванов Андрей Алексеевич;25.05.2008;344
Морозовa Светлана Владимировна;28.12.2022;345
Попов Артем Алексеевич;25.10.1990;346
Морозовa Татьяна Владимировна;23.09.2009;347
Егоровa Ирина Борисовна;21.12.2018;348
Смирновa Светлана Васильевна;17.07.1991;349
Кузнецовa Мария Васильевна;15.01.1990;350
Васильевa Наталья Васильевна;31.07.2005;351
Попов Дмитрий Викторович;26.04.1996;352
Сидоровa Екатерина Владимировна;01.03.1997;353
Лебедев Александр Александрович;10.12.2023;354
Васильевa Екатерина Вадимовна;28.02.2021;355
Алексеевa Елена Александровна;04.01.1990;356
Новиков Виктор Владимирович;15.08.1991;357
Смирновa Анна Владимировна;20.07.2023;358
Попов Вадим Вадимович;31.05.1991;359
Лебедевa Екатерина Владимировна;04.04.2006;360
Алексеев Артем Владимирович;21.08.2009;361
Сидоровa Татьяна Викторовна;27.11.2020;362
Васильевa Елена Борисовна;10.01.2005;363
Кузнецов Василий Александрович;16.10.1995;364
Смирновa Ольга Александровна;22.06.2026;365
Сидоровa Анна Викторовна;20.05.2022;366
Семенов Виктор Андреевич;14.11.2005;367
Волковa Елена Борисовна;12.04.2002;368
Егоровa Наталья Викторовна;16.06.2025;369
Семенов Артем Вадимович;28.08.2002;370
Васильев Артем Алексеевич;10.08.2020;371
Поповa Юлия Викторовна;15.07.2024;372
Ивановa Анна Андреевна;23.08.1996;373
Егоровa Екатерина Андреевна;28.10.2009;374
Новиков Владимир Вадимович;27.06.2013;375
Семеновa Светлана Александровна;30.08.2020;376
Васильевa Юлия Алексеевна;10.04.2024;377
Новиков Дмитрий Андреевич;03.02.2013;378
Сидоров Дмитрий Васильевич;02.12.2003;379
Васильев Алексей Викторович;30.12.2016;380
Иванов Артем Борисович;06.09.2013;381
Алексеевa Татьяна Андреевна;14.12.2006;382
Волковa Светлана Вадимовна;19.08.2002;383
Иванов Андрей Васильевич;11.09.2007;384
Алексеевa Мария Васильевна;25.05.2011;385
Новиков Виктор Александрович;04.07.2011;386
Поповa Ирина Васильевна;04.06.1993;387
Поповa Ирина Владимировна;14.03.2009;388
Лебедевa Анна Вадимовна;27.08.2020;389
Морозовa Наталья Владимировна;02.07.2023;390
Лебедев Владимир Владимирович;02.01.2013;391
Петровa Елена Алексеевна;12.09.2017;392
Васильевa Татьяна Васильевна;02.04.1992;393
Федоров Вадим Владимирович;23.08.2025;394
Петров Вадим Андреевич;06.12.2025;395
Морозовa Светлана Александровна;08.09.2003;396
Алексеев Артем Андреевич;25.01.2009;397
Федоров Василий Владимирович;05.07.2012;398
Лебедев Дмитрий Вадимович;25.05.2012;399
Васильев Алексей Вадимович;18.07.1995;400
Смирнов Алексей Владимирович;24.03.2003;401
Поповa Ольга Алексеевна;11.10.2004;402
Кузнецовa Татьяна Борисовна;16.12.2026;403
Кузнецовa Ольга Вадимовна;19.05.2000;404
Кузнецовa Анна Александровна;19.01.2022;405
Смирновa Ирина Борисовна;25.10.1993;406
Сидоров Вадим Александрович;03.05.2023;407
Попов Виктор Васильевич;06.11.2018;408
Попов Дмитрий Александрович;21.08.2009;409
Алексеевa Мария Борисовна;23.11.1991;410
Волковa Ирина Алексеевна;09.03.2017;411
Алексеевa Елена Борисовна;28.03.1997;412
Поповa Светлана Борисовна;07.08.2001;413
Смирнов Дмитрий Владимирович;11.02.2001;414
Егоров Владимир Алексеевич;22.06.1995;415
Морозов Виктор Вадимович;27.05.2002;416
Федоровa Наталья Андреевна;29.08.1991;417
Егоров Дмитрий Владимирович;28.10.1992;418
Кузнецов Владимир Владимирович;06.01.1997;419
Смирнов Алексей Андреевич;29.07.1998;420
Семенов Владимир Александрович;11.05.2000;421
Алексеев Алексей Васильевич;26.06.1996;422
Егоровa Елена Андреевна;15.03.2001;423
Федоров Виктор Андреевич;05.08.2017;424
Федоров Алексей Андреевич;20.04.2017;425
Иванов Алексей Викторович;15.01.2022;426
Кузнецов Виктор Вадимович;30.12.2023;427
Морозов Дмитрий Викторович;02.09.2004;428
Попов Виктор Владимирович;06.04.1993;429
Петровa Екатерина Алексеевна;11.03.2016;430
Новиков Борис Викторович;12.06.2020;431
Смирновa Екатерина Александровна;18.11.1991;432
Петровa Татьяна Владимировна;16.01.2021;433
Кузнецов Алексей Александрович;10.07.2004;434
Морозов Андрей Викторович;21.10.2015;435
Кузнецовa Татьяна Борисовна;21.10.2025;436
Сидоровa Татьяна Вадимовна;12.06.2014;437
Семеновa Мария Васильевна;21.10.2011;438
Лебедев Артем Борисович;16.06.2014;439
Морозов Алексей Алексеевич;23.02.2025;440
Морозовa Екатерина Алексеевна;15.09.1999;441
Федоров Владимир Васильевич;12.08.2009;442
Ивановa Светлана Андреевна;30.10.2005;443
Иванов Виктор Владимирович;15.02.1992;444
Новиковa Екатерина Александровна;10.08.2006;445
Лебедев Алексей Викторович;02.05.2019;446
Федоров Виктор Васильевич;25.07.2013;447
Лебедевa Екатерина Андреевна;27.04.2023;448
Волковa Наталья Вадимовна;16.04.2001;449
Егоров Андрей Васильевич;26.02.2026;450
Васильев Владимир Александрович;31.10.1990;451
Морозов Вадим Андреевич;11.01.2018;452
Алексеевa Татьяна Андреевна;03.08.2002;453
Волковa Екатерина Васильевна;21.08.2021;454
Егоровa Ольга Вадимовна;03.12.1994;455
Попов Алексей Вадимович;06.07.2019;456
Морозов Андрей Васильевич;11.12.1999;457
Петров Дмитрий Алексеевич;27.06.1993;458
Иванов Артем Алексеевич;07.12.2021;459
Волковa Мария Андреевна;05.01.1995;460
Смирновa Светлана Алексеевна;26.05.2001;461
Смирновa Екатерина Андреевна;12.03.2008;462
Алексеев Андрей Викторович;11.02.2021;463
Егоров Александр Викторович;12.08.2004;464
Волковa Анна Алексеевна;28.05.2021;465
Алексеев Владимир Владимирович;24.06.2011;466
Смирнов Виктор Владимирович;25.06.1991;467
Кузнецовa Анна Вадимовна;03.07.2000;468
Волков Вадим Алексеевич;23.07.1997;469
Кузнецовa Екатерина Андреевна;26.06.1991;470
Васильев Василий Викторович;30.12.1995;471
Новиковa Ирина Андреевна;26.08.2016;472
Сидоров Дмитрий Алексеевич;24.10.2009;473
Волков Артем Васильевич;28.01.2017;474
Семеновa Анна Андреевна;29.12.2022;475
Федоров Василий Васильевич;29.05.2003;476
Смирнов Борис Андреевич;23.01.2022;477
Морозов Вадим Васильевич;27.10.1998;478
Кузнецовa Ирина Васильевна;02.11.2010;479
Семенов Дмитрий Васильевич;05.01.2011;480
Волковa Ольга Владимировна;03.04.2020;481
Федоровa Анна Викторовна;04.09.1991;482
Федоров Дмитрий Борисович;05.12.1992;483
Волковa Елена Викторовна;30.04.2022;484
Морозовa Наталья Борисовна;04.07.1992;485
Алексеев Андрей Викторович;18.05.2017;486
Сидоров Василий Андреевич;18.02.2016;487
Сидоровa Ольга Владимировна;14.01.2016;488
Новиковa Ольга Александровна;07.04.2024;489
Егоровa Екатерина Алексеевна;28.08.2004;490
Васильев Борис Вадимович;21.01.2014;491
Васильев Владимир Борисович;11.11.2023;492
Ивановa Екатерина Алексеевна;30.09.1992;493
Иванов Василий Алексеевич;13.09.1992;494
Ивановa Наталья Васильевна;11.03.1991;495
Смирнов Борис Алексеевич;26.01.2011;496
Волковa Юлия Борисовна;29.01.2002;497
Новиковa Елена Алексеевна;11.06.2002;498
Семенов Александр Александрович;04.04.2026;499
Морозовa Ирина Владимировна;18.01.2013;500
Морозов Алексей Васильевич;30.12.2024;501
Егоров Алексей Вадимович;14.09.1997;502
Смирновa Наталья Алексеевна;24.04.2020;503
Иванов Дмитрий Александрович;26.01.1991;504
Морозовa Елена Алексеевна;10.04.2000;505
Алексеев Владимир Вадимович;24.09.1997;506
Васильев Василий Викторович;22.11.2002;507
Егоров Андрей Алексеевич;02.12.2011;508
Сидоровa Ирина Александровна;02.12.1992;509
Васильевa Ирина Васильевна;14.06.2002;510
Поповa Анна Александровна;19.06.1995;511
Поповa Татьяна Владимировна;17.01.1993;512
Кузнецовa Наталья Вадимовна;10.02.2024;513
Новиковa Татьяна Борисовна;24.01.2004;514
Алексеевa Татьяна Александровна;28.05.2019;515
Лебедевa Мария Васильевна;19.07.2025;516
Иванов Андрей Андреевич;11.02.2015;517
Волков Александр Алексеевич;27.02.2020;518
Новиковa Екатерина Борисовна;04.04.2021;519
Лебедевa Ольга Вадимовна;29.04.2005;520
Лебедевa Анна Александровна;22.05.1993;521
Ивановa Анна Александровна;05.02.2025;522
Попов Андрей Владимирович;04.04.1996;523
Волковa Анна Алексеевна;07.02.2009;524
Лебедев Борис Васильевич;16.02.2016;525
Лебедев Андрей Владимирович;27.01.2007;526
Новиков Артем Борисович;31.08.2000;527
Егоров Вадим Борисович;06.06.1992;528
Петровa Светлана Андреевна;05.07.1993;529
Федоров Владимир Александрович;09.04.1992;530
Егоровa Светлана Борисовна;18.11.1995;531
Васильевa Анна Алексеевна;15.06.2015;532
Егоров Владимир Борисович;26.01.2017;533
Федоровa Наталья Владимировна;03.07.2004;534
Лебедевa Елена Алексеевна;23.02.2010;535
Лебедев Виктор Владимирович;13.12.2011;536
Егоровa Ирина Викторовна;11.06.1998;537
Петровa Юлия Андреевна;28.02.2015;538
Алексеевa Юлия Вадимовна;21.10.2012;539
Васильев Алексей Андреевич;29.04.1993;540
Петров Александр Васильевич;03.09.2022;541
Кузнецов Виктор Вадимович;26.12.2009;542
Семеновa Мария Алексеевна;07.03.2010;543
Семенов Андрей Владимирович;17.10.1993;544
Кузнецовa Елена Борисовна;07.05.2020;545
Ивановa Мария Алексеевна;12.08.2022;546
Новиковa Светлана Викторовна;10.09.2022;547
Попов Алексей Викторович;30.10.1992;548
Иванов Виктор Алексеевич;22.05.2006;549
Сидоровa Елена Вадимовна;11.01.2022;550
Кузнецовa Анна Алексеевна;23.06.2007;551
Волков Артем Андреевич;17.12.1990;552
Алексеев Андрей Алексеевич;13.04.2018;553
Кузнецов Александр Андреевич;16.08.1996;554
Егоровa Татьяна Владимировна;26.06.2010;555
Егоров Виктор Васильевич;04.01.2006;556
Кузнецовa Мария Борисовна;06.03.2005;557
Семенов Владимир Викторович;07.04.2007;558
Лебедев Виктор Александрович;07.12.1991;559
Петров Дмитрий Вадимович;25.01.1991;560
Сидоровa Анна Викторовна;20.06.1990;561
Семеновa Ирина Александровна;26.10.2006;562
Кузнецовa Ирина Викторовна;15.04.2015;563
Федоров Владимир Васильевич;11.02.1996;564
Егоровa Елена Александровна;03.05.2025;565
Федоров Дмитрий Викторович;16.06.2005;566
Сидоров Василий Александрович;09.07.2003;567
Семенов Андрей Вадимович;15.08.1998;568
Лебедев Дмитрий Васильевич;09.09.2006;569
Егоров Андрей Вадимович;05.03.2017;570
Лебедев Алексей Борисович;16.03.2022;571
Морозов Василий Васильевич;11.07.2013;572
Васильев Александр Викторович;11.03.2026;573
Ивановa Анна Викторовна;25.06.2013;574
Смирновa Светлана Андреевна;10.04.2004;575
Васильев Артем Борисович;08.05.1998;576
Петров Владимир Алексеевич;01.03.1997;577
Новиковa Ольга Владимировна;06.08.2020;578
Иванов Александр Владимирович;25.09.2025;579
Лебедев Артем Владимирович;07.06.1998;580
Петров Борис Борисович;28.03.2012;581
Ивановa Татьяна Васильевна;01.04.2023;582
Васильевa Анна Алексеевна;16.06.2026;583
Волковa Наталья Вадимовна;12.06.2013;584
Семеновa Наталья Андреевна;25.05.2006;585
Попов Борис Андреевич;01.02.2020;586
Васильевa Светлана Васильевна;08.01.1996;587
Ивановa Мария Викторовна;02.12.1994;588
Морозовa Юлия Алексеевна;26.09.1992;589
Волков Борис Викторович;11.09.1990;590
Волковa Татьяна Борисовна;12.06.1997;591
Смирнов Борис Владимирович;05.07.2006;592
Кузнецов Артем Борисович;17.06.2013;593
Васильевa Елена Борисовна;10.04.2013;594
Волков Василий Алексеевич;26.05.2017;595
Волков Александр Владимирович;23.11.2000;596
Сидоровa Елена Алексеевна;27.08.2007;597
Алексеев Артем Андреевич;16.12.2022;598
Семеновa Наталья Борисовна;03.12.1991;599
Смирновa Анна Вадимовна;12.03.2011;600
Сидоровa Ольга Александровна;17.07.2013;601
Поповa Анна Александровна;02.06.2010;602
Петров Борис Васильевич;03.12.2022;603
Кузнецовa Наталья Алексеевна;20.11.1994;604
Смирнов Владимир Васильевич;25.11.2006;605
Кузнецовa Татьяна Алексеевна;14.05.1993;606
Волков Артем Борисович;02.08.2025;607
Новиковa Ирина Борисовна;14.10.1990;608
Петровa Ирина Вадимовна;06.07.2001;609
Новиковa Наталья Александровна;08.09.2012;610
Волковa Елена Владимировна;08.04.2006;611
Лебедев Дмитрий Васильевич;11.03.2001;612
Семеновa Анна Викторовна;16.07.2013;613
Егоров Алексей Вадимович;31.10.2016;614
Лебедев Александр Васильевич;08.07.2023;615
Ивановa Наталья Алексеевна;21.07.1993;616
Попов Василий Борисович;13.10.1998;617
Волковa Ольга Андреевна;12.02.1991;618
Егоров Алексей Владимирович;04.11.1995;619
Сидоров Владимир Владимирович;31.07.2024;620
Петровa Ирина Александровна;30.11.1997;621
Волковa Мария Алексеевна;22.09.2011;622
Федоровa Юлия Владимировна;08.07.2001;623
Семенов Дмитрий Александрович;13.07.1997;624
Семенов Виктор Викторович;11.02.2013;625
Новиков Василий Владимирович;14.11.2006;626
Васильевa Елена Васильевна;14.11.2014;627
Морозов Дмитрий Алексеевич;13.09.1992;628
Лебедев Александр Алексеевич;14.10.2024;629
Иванов Дмитрий Владимирович;27.02.1990;630
Васильевa Светлана Викторовна;02.12.2016;631
Алексеев Андрей Алексеевич;18.02.2009;632
Поповa Елена Викторовна;28.02.2016;633
Новиковa Татьяна Викторовна;17.02.1993;634
Морозов Вадим Алексеевич;19.12.2021;635
Волков Борис Владимирович;31.01.2001;636
Федоров Александр Васильевич;13.02.2020;637
Петровa Ольга Васильевна;01.05.2012;638
Лебедев Алексей Алексеевич;21.02.2000;639
Волков Василий Алексеевич;17.12.2011;640
Поповa Ирина Борисовна;03.09.2001;641
Петровa Ирина Александровна;01.04.2002;642
Петровa Анна Васильевна;11.12.2001;643
Новиков Андрей Андреевич;20.06.2019;644
Алексеев Виктор Викторович;07.11.2009;645
Федоровa Татьяна Вадимовна;24.09.2008;646
Волковa Татьяна Викторовна;25.11.2008;647
Иванов Александр Викторович;05.03.2019;648
Алексеев Виктор Васильевич;14.01.2023;649
Петров Алексей Владимирович;05.08.2004;650
Семенов Алексей Васильевич;21.06.2017;651
Егоровa Наталья Андреевна;02.02.1996;652
Волков Алексей Вадимович;29.12.1993;653
Петров Василий Викторович;16.10.2026;654
Егоров Артем Алексеевич;26.12.2010;655
Новиковa Мария Владимировна;23.11.2004;656
Волков Владимир Васильевич;31.05.2003;657
Лебедевa Ирина Алексеевна;09.04.2012;658
Кузнецовa Ирина Васильевна;13.11.2000;659
Поповa Юлия Викторовна;10.01.2015;660
Новиковa Татьяна Вадимовна;14.12.2022;661
Морозов Владимир Борисович;18.09.2004;662
Сидоров Дмитрий Борисович;12.01.1997;663
Смирновa Мария Васильевна;05.09.1990;664
Сидоровa Наталья Алексеевна;11.11.2008;665
Кузнецов Вадим Андреевич;13.12.2004;666
Сидоров Вадим Александрович;02.12.2012;667
Сидоров Борис Вадимович;29.01.1996;668
Васильев Дмитрий Вадимович;23.05.2024;669
Федоровa Наталья Васильевна;15.12.1996;670
Сидоров Александр Владимирович;14.02.2008;671
Лебедев Дмитрий Владимирович;03.06.2011;672
Смирнов Алексей Александрович;20.03.2006;673
Попов Василий Владимирович;19.12.1993;674
Сидоровa Светлана Алексеевна;07.03.2025;675
Кузнецовa Наталья Викторовна;03.02.2021;676
Федоров Василий Вадимович;20.08.2004;677
Морозов Вадим Борисович;21.11.2001;678
Смирновa Светлана Васильевна;28.05.1996;679
Морозовa Мария Александровна;22.05.1992;680
Морозовa Екатерина Владимировна;30.07.2013;681
Алексеевa Ольга Андреевна;03.09.1991;682
Иванов Вадим Алексеевич;28.04.1995;683
Морозов Борис Васильевич;24.08.1998;684
Алексеевa Наталья Алексеевна;21.10.2001;685
Морозов Дмитрий Алексеевич;28.07.2024;686
Федоровa Наталья Викторовна;29.03.2003;687
Семеновa Анна Андреевна;10.02.2006;688
Сидоров Александр Алексеевич;20.11.2020;689
Петровa Елена Вадимовна;30.09.2026;690
Лебедев Андрей Алексеевич;23.12.2004;691
Семенов Артем Алексеевич;01.03.2010;692
Кузнецов Василий Вадимович;03.12.2003;693
Кузнецовa Татьяна Вадимовна;19.06.2020;694
Кузнецов Владимир Владимирович;20.12.2006;695
Смирновa Анна Александровна;19.05.1990;696
Поповa Наталья Андреевна;06.04.2002;697
Алексеевa Мария Викторовна;09.07.2014;698
Федоровa Анна Вадимовна;25.01.2000;699
Кузнецовa Ирина Александровна;24.07.2011;700
Новиков Артем Алексеевич;13.04.1996;701
Попов Владимир Александрович;19.07.2014;702
Иванов Алексей Вадимович;11.09.1995;703
Морозовa Елена Андреевна;25.08.1994;704
Ивановa Елена Викторовна;06.05.1997;705
Алексеевa Юлия Васильевна;31.03.2021;706
Егоровa Елена Вадимовна;05.10.2024;707
Егоровa Ольга Васильевна;05.05.1995;708
Федоров Артем Александрович;13.01.2019;709
Семенов Владимир Васильевич;14.05.2004;710
Ивановa Мария Викторовна;23.01.2001;711
Сидоров Вадим Алексеевич;02.11.1991;712
Кузнецовa Светлана Викторовна;24.10.2012;713
Сидоровa Мария Алексеевна;05.02.2014;714
Алексеев Дмитрий Викторович;27.07.1991;715
Новиков Александр Васильевич;22.03.1999;716
Морозов Виктор Вадимович;18.08.2019;717
Сидоров Алексей Борисович;03.06.2024;718
Волковa Екатерина Вадимовна;03.11.2005;719
Сидоров Дмитрий Борисович;12.03.2009;720
Васильевa Татьяна Владимировна;26.12.2002;721
Васильевa Ольга Александровна;27.03.2012;722
Семеновa Татьяна Борисовна;27.01.2021;723
Поповa Анна Андреевна;04.12.2018;724
Новиковa Юлия Викторовна;13.09.1994;725
Иванов Владимир Борисович;06.12.2011;726
Федоров Василий Васильевич;10.06.2021;727
Новиков Вадим Викторович;17.06.2015;728
Попов Виктор Вадимович;04.01.2018;729
Смирновa Елена Владимировна;21.05.1992;730
Федоровa Екатерина Викторовна;22.12.2023;731
Алексеевa Ольга Алексеевна;23.04.1994;732
Семеновa Ирина Андреевна;01.12.1999;733
Лебедев Андрей Борисович;03.03.2010;734
Новиков Алексей Алексеевич;13.04.1999;735
Федоровa Ольга Андреевна;31.03.2021;736
Алексеевa Светлана Алексеевна;24.05.1991;737
Васильевa Анна Борисовна;22.01.2010;738
Сидоров Василий Васильевич;01.10.2022;739
Васильевa Светлана Алексеевна;26.12.2015;740
Иванов Андрей Викторович;10.08.2009;741
Васильевa Наталья Викторовна;06.04.1996;742
Петровa Светлана Викторовна;05.05.2015;743
Кузнецов Владимир Викторович;19.09.2026;744
Федоров Артем Вадимович;25.02.2006;745
Ивановa Юлия Васильевна;14.03.2019;746
Морозов Вадим Алексеевич;29.04.2021;747
Алексеев Александр Борисович;22.07.2018;748
Васильев Артем Васильевич;12.01.2023;749
Федоровa Анна Борисовна;23.02.2011;750
Алексеев Борис Андреевич;08.05.2023;751
Кузнецовa Елена Борисовна;26.10.1994;752
Новиков Артем Васильевич;15.02.2004;753
Алексеев Алексей Андреевич;10.06.2008;754
Волковa Анна Вадимовна;15.01.2010;755
Морозовa Светлана Алексеевна;16.02.1992;756
Алексеевa Юлия Вадимовна;27.01.1991;757
Петров Виктор Викторович;27.02.2003;758
Егоров Александр Владимирович;13.12.1991;759
Поповa Светлана Александровна;11.06.2018;760
Смирновa Екатерина Андреевна;11.10.2016;761
Новиковa Анна Алексеевна;20.12.2019;762
Алексеевa Ирина Борисовна;04.01.1998;763
Кузнецовa Екатерина Викторовна;16.02.1991;764
Иванов Артем Васильевич;25.05.2026;765
Петров Артем Вадимович;13.02.2025;766
Поповa Ирина Владимировна;24.01.2025;767
Семенов Василий Васильевич;17.04.1993;768
Алексеевa Ольга Андреевна;21.04.2024;769
Морозов Василий Борисович;22.11.2021;770
Лебедевa Наталья Александровна;01.05.2019;771
Федоров Борис Викторович;10.06.2020;772
Алексеев Борис Вадимович;24.04.2006;773
Попов Василий Вадимович;16.10.1995;774
Новиковa Мария Андреевна;21.12.1997;775
Новиков Василий Вадимович;25.01.1992;776
Семенов Александр Владимирович;23.12.2001;777
Егоровa Ирина Александровна;17.07.2000;778
Морозовa Юлия Викторовна;12.08.2021;779
Ивановa Анна Викторовна;26.02.2006;780
Петровa Анна Викторовна;18.02.2005;781
Егоров Дмитрий Васильевич;23.01.2002;782
Смирнов Александр Викторович;13.07.2026;783
Егоров Дмитрий Викторович;02.08.1998;784
Кузнецов Артем Владимирович;06.07.1991;785
Смирнов Алексей Алексеевич;26.02.2026;786
Смирновa Екатерина Владимировна;22.08.2004;787
Сидоровa Наталья Викторовна;05.10.1994;788
Кузнецов Василий Викторович;25.01.2003;789
Алексеев Борис Александрович;04.07.2010;790
Кузнецов Андрей Владимирович;09.06.2013;791
Ивановa Юлия Александровна;03.09.2013;792
Кузнецов Вадим Андреевич;04.02.2017;793
Морозов Дмитрий Вадимович;29.09.2020;794
Смирнов Владимир Борисович;31.07.2014;795
Сидоровa Анна Андреевна;05.08.2011;796
Поповa Ольга Андреевна;09.07.2000;797
Лебедевa Ирина Владимировна;21.09.1990;798
Кузнецов Василий Андреевич;17.06.2023;799
Алексеев Василий Алексеевич;28.03.2018;800
Сидоров Борис Борисович;13.06.2014;801
Лебедев Владимир Владимирович;19.05.2013;802
Федоров Василий Владимирович;04.05.2014;803
Егоровa Ольга Вадимовна;14.07.2019;804
Морозовa Ольга Викторовна;05.05.2019;805
Смирновa Анна Васильевна;17.05.2019;806
Волков Артем Викторович;24.08.1992;807
Алексеевa Татьяна Борисовна;21.05.1996;808
Алексеев Владимир Владимирович;18.08.2017;809
Иванов Вадим Андреевич;09.06.2013;810
Васильев Вадим Владимирович;18.10.1992;811
Семеновa Светлана Борисовна;18.05.1991;812
Смирнов Борис Вадимович;02.06.1995;813
Сидоровa Юлия Борисовна;28.04.2005;814
Сидоровa Наталья Викторовна;29.11.1992;815
Петров Василий Владимирович;13.05.2023;816
Волков Андрей Васильевич;03.12.2018;817
Кузнецовa Светлана Борисовна;22.12.1996;818
Егоров Андрей Викторович;26.12.2004;819
Лебедев Дмитрий Вадимович;15.11.2020;820
Волков Вадим Викторович;12.07.2012;821
Алексеев Вадим Викторович;01.08.2014;822
Смирнов Борис Алексеевич;23.09.1990;823
Семеновa Мария Вадимовна;17.04.2008;824
Волков Артем Вадимович;08.02.2009;825
Новиков Дмитрий Алексеевич;04.01.2026;826
Попов Алексей Борисович;12.01.1996;827
Егоров Артем Владимирович;23.07.1991;828
Новиков Виктор Владимирович;01.02.1990;829
Егоров Андрей Андреевич;15.05.2026;830
Петров Борис Андреевич;29.04.2008;831
Лебедевa Ольга Александровна;26.07.2016;832
Волков Владимир Вадимович;31.10.1990;833
Ивановa Анна Владимировна;10.07.2006;834
Кузнецов Алексей Викторович;26.12.2017;835
Новиков Владимир Борисович;10.08.2022;836
Егоров Дмитрий Борисович;21.05.1993;837
Егоровa Екатерина Васильевна;30.01.2007;838
Попов Алексей Андреевич;30.04.2018;839
Новиков Артем Алексеевич;17.11.2012;840
Егоровa Светлана Вадимовна;04.09.1996;841
Алексеев Алексей Александрович;08.11.2009;842
Егоровa Светлана Владимировна;25.02.2001;843
Попов Алексей Владимирович;17.10.2010;844
Кузнецовa Татьяна Вадимовна;24.11.2007;845
Лебедев Василий Александрович;18.02.2018;846
Волковa Анна Викторовна;23.06.1997;847
Сидоровa Екатерина Владимировна;19.09.1991;848
Ивановa Юлия Алексеевна;21.05.2018;849
Поповa Татьяна Васильевна;19.11.2015;850
Петровa Наталья Андреевна;15.09.2005;851
Лебедевa Светлана Владимировна;08.09.2011;852
Васильевa Татьяна Андреевна;09.07.2011;853
Егоровa Мария Васильевна;02.04.1996;854
Лебедевa Ирина Борисовна;28.03.2001;855
Егоровa Екатерина Викторовна;21.11.2017;856
Лебедевa Ольга Владимировна;06.07.1990;857
Алексеев Дмитрий Владимирович;14.11.2011;858
Егоровa Светлана Вадимовна;17.04.1996;859
Семенов Дмитрий Вадимович;27.10.2015;860
Федоровa Светлана Васильевна;13.08.2021;861
Иванов Виктор Борисович;29.06.2011;862
Семенов Дмитрий Андреевич;11.10.2004;863
Васильевa Мария Вадимовна;30.09.2006;864
Семенов Владимир Александрович;23.07.2000;865
Ивановa Татьяна Борисовна;25.12.2006;866
Смирновa Татьяна Александровна;22.01.1997;867
Новиков Виктор Викторович;10.11.2020;868
Новиков Дмитрий Александрович;03.01.2012;869
Волков Вадим Вадимович;18.10.2005;870
Смирновa Наталья Борисовна;09.01.2014;871
Волковa Екатерина Алексеевна;03.12.2023;872
Федоровa Светлана Васильевна;05.04.2004;873
Васильев Александр Алексеевич;03.09.1995;874
Алексеевa Ирина Александровна;05.04.2021;875
Сидоров Андрей Алексеевич;23.12.2021;876
Морозов Александр Андреевич;13.09.2023;877
Ивановa Анна Андреевна;06.11.2007;878
Федоровa Ирина Владимировна;07.10.2014;879
Федоров Владимир Вадимович;19.10.2000;880
Новиковa Ольга Александровна;31.10.1995;881
Алексеев Василий Алексеевич;01.03.2016;882
Егоров Виктор Владимирович;23.09.2015;883
Кузнецов Вадим Алексеевич;29.05.2024;884
Егоров Василий Борисович;24.04.1992;885
Петров Александр Викторович;10.03.1996;886
Новиковa Ирина Владимировна;29.12.2021;887
Петров Виктор Андреевич;14.12.2002;888
Морозовa Татьяна Вадимовна;22.05.2017;889
Попов Виктор Викторович;19.08.2016;890
Федоровa Наталья Алексеевна;09.06.2019;891
Кузнецовa Ольга Викторовна;08.07.1991;892
Сидоров Вадим Александрович;19.06.2005;893
Попов Артем Александрович;06.07.2004;894
Егоров Вадим Вадимович;27.11.2009;895
Ивановa Екатерина Викторовна;21.08.2017;896
Васильев Виктор Васильевич;10.04.2025;897
Сидоровa Анна Васильевна;04.09.2008;898
Федоров Борис Андреевич;28.12.2010;899
Егоровa Светлана Вадимовна;29.06.2013;900
Васильев Алексей Александрович;09.04.2008;901
Алексеевa Юлия Вадимовна;30.10.2014;902
Кузнецовa Елена Андреевна;25.06.1992;903
Алексеев Дмитрий Алексеевич;11.09.1993;904
Смирновa Светлана Борисовна;22.01.2012;905
Лебедев Василий Владимирович;13.10.1990;906
Федоровa Светлана Алексеевна;20.02.2016;907
Смирнов Владимир Алексеевич;22.07.2002;908
Смирнов Алексей Алексеевич;29.09.2006;909
Алексеевa Светлана Андреевна;17.03.2024;910
Лебедев Александр Александрович;04.05.2011;911
Волков Артем Андреевич;31.07.2012;912
Кузнецов Борис Алексеевич;31.10.1992;913
Федоровa Наталья Александровна;22.09.2022;914
Волковa Наталья Александровна;24.11.2007;915
Сидоровa Наталья Викторовна;05.03.2011;916
Морозов Алексей Алексеевич;17.10.1993;917
Петровa Ирина Вадимовна;04.03.2007;918
Сидоров Виктор Андреевич;13.08.1993;919
Сидоров Александр Алексеевич;06.03.2024;920
Волковa Светлана Борисовна;06.02.1995;921
Попов Андрей Борисович;07.11.2008;922
Новиковa Светлана Вадимовна;01.03.2003;923
Федоров Борис Алексеевич;12.01.1993;924
Егоров Виктор Викторович;04.01.1992;925
Новиковa Татьяна Андреевна;16.10.2003;926
Кузнецов Андрей Алексеевич;16.06.1996;927
Смирнов Борис Борисович;13.01.1994;928
Семеновa Светлана Владимировна;28.03.2014;929
Семеновa Ирина Андреевна;08.05.2020;930
Сидоровa Татьяна Васильевна;11.08.1995;931
Смирновa Екатерина Васильевна;18.09.2016;932
Алексеев Андрей Борисович;26.05.2001;933
Попов Вадим Васильевич;01.03.2020;934
Новиковa Анна Борисовна;04.03.2020;935
Сидоров Виктор Владимирович;29.03.2026;936
Федоровa Светлана Андреевна;04.08.2022;937
Кузнецовa Мария Андреевна;18.03.2021;938
Ивановa Татьяна Вадимовна;20.03.2014;939
Волковa Светлана Викторовна;19.11.2006;940
Поповa Екатерина Васильевна;17.01.2007;941
Смирнов Вадим Владимирович;18.11.2018;942
Егоровa Юлия Вадимовна;30.06.2007;943
Иванов Артем Алексеевич;14.02.2019;944
Сидоровa Татьяна Александровна;26.01.1997;945
Кузнецовa Мария Александровна;07.07.2004;946
Егоров Виктор Вадимович;11.03.1997;947
Морозов Борис Алексеевич;05.09.2016;948
Кузнецов Андрей Васильевич;31.03.2006;949
Сидоров Вадим Викторович;25.03.1991;950
Кузнецов Вадим Андреевич;13.03.1992;951
Егоровa Елена Васильевна;23.01.2011;952
Егоровa Елена Алексеевна;04.11.2011;953
Смирнов Артем Александрович;15.01.2014;954
Алексеевa Ирина Андреевна;16.11.2000;955
Лебедев Андрей Васильевич;21.02.2009;956
Сидоровa Екатерина Андреевна;05.12.2004;957
Морозовa Елена Александровна;17.03.2001;958
Волков Алексей Борисович;23.05.2001;959
Волковa Мария Борисовна;08.12.2013;960
Лебедев Артем Андреевич;04.01.1992;961
Кузнецовa Анна Борисовна;22.04.2004;962
Сидоров Борис Владимирович;24.04.1991;963
Федоровa Елена Викторовна;27.07.2016;964
Петровa Ольга Васильевна;11.02.1990;965
Новиковa Екатерина Васильевна;04.09.2000;966
Федоров Борис Владимирович;19.11.1991;967
Петровa Елена Владимировна;15.05.2025;968
Семеновa Ирина Алексеевна;22.10.2009;969
Егоров Виктор Вадимович;15.05.2021;970
Васильевa Ирина Вадимовна;21.06.2015;971
Петровa Ирина Алексеевна;26.07.2005;972
Смирнов Борис Вадимович;01.10.1998;973
Иванов Андрей Викторович;28.02.1996;974
Смирновa Ольга Владимировна;27.05.2014;975
Федоровa Светлана Борисовна;13.01.2007;976
Алексеев Виктор Андреевич;24.06.1999;977
Морозов Борис Александрович;05.01.2015;978
Смирнов Алексей Александрович;03.04.2022;979
Смирновa Екатерина Владимировна;05.09.2013;980
Кузнецовa Светлана Владимировна;15.02.2024;981
Морозов Александр Борисович;12.09.1991;982
Федоров Дмитрий Васильевич;16.12.2026;983
Ивановa Татьяна Борисовна;01.07.2015;984
Иванов Борис Александрович;18.10.2005;985
Алексеевa Ирина Васильевна;28.10.2008;986
Васильев Василий Андреевич;13.06.2007;987
Федоров Василий Борисович;27.07.2012;988
Новиков Александр Алексеевич;30.09.2010;989
Попов Андрей Александрович;08.02.2000;990
Иванов Алексей Борисович;04.07.2019;991
Ивановa Екатерина Александровна;30.10.2016;992
Семеновa Екатерина Борисовна;06.02.2015;993
Морозов Артем Владимирович;13.08.1995;994
Васильев Алексей Алексеевич;22.09.2012;995
Егоровa Татьяна Владимировна;07.09.2024;996
Семеновa Ирина Александровна;08.02.2025;997
Васильевa Ирина Борисовна;05.08.2004;998
Иванов Дмитрий Васильевич;11.09.2011;999
